{
  "level_외출커뮤적은": {
    "count": 359.0,
    "mean": 17.349119862569754,
    "std": 8.72717190504181,
    "min": 2.4101833057873234,
    "25%": 11.362388201332816,
    "50%": 15.841383764180172,
    "75%": 21.83524510056389,
    "max": 76.83215993531314
  },
  "level_이동횟수": {
    "count": 359.0,
    "mean": 25.945851903435468,
    "std": 2.0804097556967687,
    "min": 20.159166666666664,
    "25%": 24.430833333333332,
    "50%": 25.936666666666667,
    "75%": 27.12715277777778,
    "max": 32.01736111111111
  },
  "level_배달식재료": {
    "count": 359.0,
    "mean": 1.4025208913649025,
    "std": 0.23181282597478553,
    "min": 0.0927777777777777,
    "25%": 1.298888888888889,
    "50%": 1.4380555555555556,
    "75%": 1.5772222222222223,
    "max": 1.67
  },
  "level_독거비율": {
    "count": 359.0,
    "mean": 0.11992814333519038,
    "std": 0.0541675890527434,
    "min": 0.0094847882503069,
    "25%": 0.085008873647148,
    "50%": 0.1103022400888845,
    "75%": 0.14769807804389395,
    "max": 0.5078676663902688
  },
  "level_인프라": {
    "count": 359.0,
    "mean": 666.1081128133704,
    "std": 531.9914106025216,
    "min": 15.9375,
    "25%": 354.84375,
    "50%": 524.3125,
    "75%": 776.375,
    "max": 4922.6875
  },
  "level_인구": {
    "count": 359.0,
    "mean": 2882.3662720519965,
    "std": 845.5994662834382,
    "min": 1547.2020833333331,
    "25%": 2242.40625,
    "50%": 2719.6525,
    "75%": 3427.1813541666666,
    "max": 6011.041875
  },
  "delta_외출커뮤적은": {
    "count": 359.0,
    "mean": 0.9138308412486031,
    "std": 2.832171513068035,
    "min": -8.845788708387808,
    "25%": -0.8817077927114862,
    "50%": 0.7847586851112096,
    "75%": 2.659840856117208,
    "max": 11.228935880664755
  },
  "delta_이동횟수": {
    "count": 359.0,
    "mean": -10.172175796966883,
    "std": 0.9495283449489194,
    "min": -12.925833333333332,
    "25%": -10.768472222222222,
    "50%": -10.15194444444444,
    "75%": -9.553194444444443,
    "max": -7.416388888888889
  },
  "delta_배달식재료": {
    "count": 359.0,
    "mean": -0.024551222531723933,
    "std": 0.2075362555404492,
    "min": -0.7886111111111112,
    "25%": -0.1391666666666666,
    "50%": 0.0,
    "75%": 0.09277777777777765,
    "max": 0.6494444444444444
  },
  "delta_독거비율": {
    "count": 359.0,
    "mean": 0.0014026093846588414,
    "std": 0.007366693554975773,
    "min": -0.06349468407508,
    "25%": -0.0009440777030187,
    "50%": 0.001134012212024,
    "75%": 0.0039487403048583,
    "max": 0.071369819094779
  },
  "infra_slope": {
    "count": 359.0,
    "mean": -1.919478125512043,
    "std": 3.3732319496736927,
    "min": -13.889705882352942,
    "25%": -3.35,
    "50%": -1.9838235294117648,
    "75%": -0.8426470588235294,
    "max": 35.275
  },
  "infra_delta": {
    "count": 359.0,
    "mean": -22.66016713091922,
    "std": 40.39605480868235,
    "min": -152.5,
    "25%": -38.0,
    "50%": -23.5,
    "75%": -10.0,
    "max": 430.0
  },
  "infra_recent": {
    "count": 359.0,
    "mean": 635.6601671309193,
    "std": 519.5135900287431,
    "min": 58.0,
    "25%": 331.0,
    "50%": 509.0,
    "75%": 727.5,
    "max": 4760.0
  }
}