{"GROUPS": ["남_2030", "남_40대", "남_5060", "남_70대+", "여_2030", "여_40대", "여_5060", "여_70대+"], "LABELS": ["남\n20-30", "남\n40대", "남\n50-60", "남\n70+", "여\n20-30", "여\n40대", "여\n50-60", "여\n70+"], "vals1": [14.718888186986733, 16.05392156862745, 27.625, 29.84165651644336, 13.17780580075662, 19.18918918918919, 21.872509960159363, 22.662048490846114], "vals2": [2.3580786026200875, 2.3347280334728033, 2.429460580912863, 2.3360107095046856, 2.323550465282749, 2.3808823529411764, 2.297320656871219, 2.2975557917109457]}